               epoch,      train/box_loss,      train/obj_loss,      train/cls_loss,   metrics/precision,      metrics/recall,     metrics/mAP_0.5,metrics/mAP_0.5:0.95,        val/box_loss,        val/obj_loss,        val/cls_loss,               x/lr0,               x/lr1,               x/lr2
                   0,            0.092843,            0.022854,            0.019902,             0.11803,            0.077591,            0.027588,           0.0072556,            0.062127,            0.015644,           0.0082923,            0.070028,           0.0033302,           0.0033302
                   1,            0.080458,            0.021943,            0.011197,             0.16793,             0.19664,            0.076219,            0.020356,            0.056574,            0.015463,           0.0053013,            0.039962,           0.0065976,           0.0065976
